A Women's Worth,zChart-Hits-of-01-02.pdf,172,7
All or Nothing,zChart-Hits-of-01-02.pdf,3,5
Drops of Jupiter (Tell Me),zChart-Hits-of-01-02.pdf,15,7
Emotion,zChart-Hits-of-01-02.pdf,23,7
Everywhere,zChart-Hits-of-01-02.pdf,29,7
Fallin,zChart-Hits-of-01-02.pdf,8,7
Follow Me,zChart-Hits-of-01-02.pdf,37,8
Get the Party Started,zChart-Hits-of-01-02.pdf,44,5
Hero,zChart-Hits-of-01-02.pdf,49,7
Hit Em Up Style,zChart-Hits-of-01-02.pdf,66,8
I Hope You Dance,zChart-Hits-of-01-02.pdf,74,8
I'm Real,zChart-Hits-of-01-02.pdf,82,8
If You're Gone,zChart-Hits-of-01-02.pdf,56,10
Lady Marmalade,zChart-Hits-of-01-02.pdf,90,10
Nobody Wants to be Lonely,zChart-Hits-of-01-02.pdf,100,9
Only Time,zChart-Hits-of-01-02.pdf,114,4
Someone to Call My Lover,zChart-Hits-of-01-02.pdf,118,8
Superman,zChart-Hits-of-01-02.pdf,132,8
Thank You,zChart-Hits-of-01-02.pdf,126,6
There You'll Be,zChart-Hits-of-01-02.pdf,109,5
U Got it Bad,zChart-Hits-of-01-02.pdf,140,6
Where the Stars And Stripes And the Eagle Fly,zChart-Hits-of-01-02.pdf,152,8
Wherever You Will Go,zChart-Hits-of-01-02.pdf,146,6
You Rock My World,zChart-Hits-of-01-02.pdf,160,12