Another Sad Song,zR&B_Songs_Big Book.pdf,2,6
Baby Mama,zR&B_Songs_Big Book.pdf,8,4
Be Without You,zR&B_Songs_Big Book.pdf,12,6
Beep,zR&B_Songs_Big Book.pdf,18,8
Best Friend,zR&B_Songs_Big Book.pdf,26,7
Can't Get Enough of Your Love Babe,zR&B_Songs_Big Book.pdf,33,9
Crazy,zR&B_Songs_Big Book.pdf,42,5
Dance with my Father,zR&B_Songs_Big Book.pdf,54,6
Dilemma,zR&B_Songs_Big Book.pdf,60,8
Dirty (Dirrty),zR&B_Songs_Big Book.pdf,47,7
Dreamlover,zR&B_Songs_Big Book.pdf,68,5
For You I Will,zR&B_Songs_Big Book.pdf,73,5
Get Here,zR&B_Songs_Big Book.pdf,78,5
Get It On Tonight,zR&B_Songs_Big Book.pdf,88,6
Give Me You,zR&B_Songs_Big Book.pdf,83,5
Gotta Go,zR&B_Songs_Big Book.pdf,94,7
Hold You Down,zR&B_Songs_Big Book.pdf,101,7
Hotel,zR&B_Songs_Big Book.pdf,108,7
How to Deal,zR&B_Songs_Big Book.pdf,122,6
I am Not My Hair,zR&B_Songs_Big Book.pdf,128,8
I Turn to You,zR&B_Songs_Big Book.pdf,136,6
I'm Your Baby Tonight,zR&B_Songs_Big Book.pdf,115,7
In Da Club,zR&B_Songs_Big Book.pdf,142,6
Just Friends Sunny,zR&B_Songs_Big Book.pdf,148,5
Let's Get Down,zR&B_Songs_Big Book.pdf,153,5
Little Things,zR&B_Songs_Big Book.pdf,158,7
Miss You,zR&B_Songs_Big Book.pdf,172,6
Naughty Girl,zR&B_Songs_Big Book.pdf,178,6
Oops Oh My,zR&B_Songs_Big Book.pdf,184,6
Promiscuous,zR&B_Songs_Big Book.pdf,190,6
Shake it Off,zR&B_Songs_Big Book.pdf,196,8
Stickwitu,zR&B_Songs_Big Book.pdf,165,7
Too Little Too Late,zR&B_Songs_Big Book.pdf,204,7
Touch the Sky,zR&B_Songs_Big Book.pdf,211,5
Un-Break My Heart,zR&B_Songs_Big Book.pdf,216,5
Usta Be My Girl,zR&B_Songs_Big Book.pdf,228,6
What Goes Around Comes Around,zR&B_Songs_Big Book.pdf,221,7
Where I Wanna Be,zR&B_Songs_Big Book.pdf,234,6
Where My Girls At,zR&B_Songs_Big Book.pdf,240,5
Wifey,zR&B_Songs_Big Book.pdf,245,7
You Make Me Feel Brand New,zR&B_Songs_Big Book.pdf,252,4