728,Real Book II.pdf,319
52nd Street Theme,Real Book II.pdf,100
Ablution,Real Book II.pdf,8
Affirmation,Real Book II.pdf,9
Airmail Special,Real Book II.pdf,10
Alfie's Theme,Real Book II.pdf,11
All Alone,Real Book II.pdf,12
All God's Chillun Got Rhythm,Real Book II.pdf,13
Altoitis,Real Book II.pdf,14
Another Star,Real Book II.pdf,15
April,Real Book II.pdf,17
April Skids,Real Book II.pdf,16
Ask Me Now,Real Book II.pdf,19
Avalon,Real Book II.pdf,20
Ba-Lue Bolivar Ba-Lues-Are,Real Book II.pdf,27
Backstage Sally,Real Book II.pdf,21
Bags And Trane,Real Book II.pdf,22
Bags' Groove,Real Book II.pdf,23
Barbados,Real Book II.pdf,24
Barbara,Real Book II.pdf,25
Basin Street Blues,Real Book II.pdf,26
Be Bop,Real Book II.pdf,28
Beethoven's Blue 3rd,Real Book II.pdf,27
Better Git It In Your Soul,Real Book II.pdf,29
Beyond All Limits,Real Book II.pdf,30
Big P,Real Book II.pdf,411
Billie's Bounce,Real Book II.pdf,31
Bills' Hit Tune,Real Book II.pdf,412
Birdland,Real Book II.pdf,33
Birk's Works,Real Book II.pdf,44
Birth Of The Blues,Real Book II.pdf,32
Black And Tan Fantasy,Real Book II.pdf,35
Bloomdido,Real Book II.pdf,36
Blue A La Mode,Real Book II.pdf,39
Blue And Sentimental,Real Book II.pdf,37
Blue Moon,Real Book II.pdf,38
Blue Seven,Real Book II.pdf,40
Blue Silver,Real Book II.pdf,42
Blues By Five,Real Book II.pdf,40
Blues Connotation,Real Book II.pdf,39
Blues For Philly Joe,Real Book II.pdf,41
Blues For Wood,Real Book II.pdf,41
Blues In The Closet,Real Book II.pdf,43
Bohemia After Dark,Real Book II.pdf,413
Boogie Stop Shuffle,Real Book II.pdf,45
Booker's Waltz,Real Book II.pdf,46
Bouncing With Bud,Real Book II.pdf,47
Brazilian Beat,Real Book II.pdf,48
Brian's Song,Real Book II.pdf,49
Bright Boy,Real Book II.pdf,50
Bright moments,Real Book II.pdf,51
Brilliant Corners,Real Book II.pdf,52
Brown Skin Girl,Real Book II.pdf,53
Bud's Bubble,Real Book II.pdf,53
Budo,Real Book II.pdf,54
Bunko,Real Book II.pdf,56
Buster Rides Again,Real Book II.pdf,44
But Not For He,Real Book II.pdf,57
Bye Bye Blackbird,Real Book II.pdf,58
Byrdlike,Real Book II.pdf,414
C Jam Blues,Real Book II.pdf,62
C'est What,Real Book II.pdf,64
Can't We Be Friends,Real Book II.pdf,59
Caravan,Real Book II.pdf,60
Careful,Real Book II.pdf,61
Careless Love,Real Book II.pdf,62
Catch Me,Real Book II.pdf,63
Chameleon,Real Book II.pdf,65
Chase The,Real Book II.pdf,66
Chasin' The Train,Real Book II.pdf,69
Cheese Cake,Real Book II.pdf,67
Circle,Real Book II.pdf,68
Come Rain Or Come Shine,Real Book II.pdf,70
Comin' Home Baby,Real Book II.pdf,71
Confessin (That I Love you),Real Book II.pdf,72
Cookin',Real Book II.pdf,73
Cool Blues,Real Book II.pdf,71
Core (The),Real Book II.pdf,73
Cork 'N' Bib,Real Book II.pdf,77
Cousin Mary,Real Book II.pdf,69
Crazeology,Real Book II.pdf,74
Criss/Cross,Real Book II.pdf,75
Cute,Real Book II.pdf,76
Day In Vienna,Real Book II.pdf,78
Decision,Real Book II.pdf,47
Deep Purple,Real Book II.pdf,79
Dewey Square,Real Book II.pdf,80
Diane,Real Book II.pdf,81
Dindi,Real Book II.pdf,82
Do Nothing Till You Hear From Me,Real Book II.pdf,84
Do You Know What It Means (To Miss New Orleans,Real Book II.pdf,87
Domingo,Real Book II.pdf,83
Down For Double,Real Book II.pdf,85
Doxy,Real Book II.pdf,86
Drive (The),Real Book II.pdf,88
Duff,Real Book II.pdf,77
E.K.'s Blues,Real Book II.pdf,99
Early Autumn,Real Book II.pdf,89
Eclypso,Real Book II.pdf,90
Einbahnstrasse,Real Book II.pdf,99
Elora,Real Book II.pdf,91
Embraceable You,Real Book II.pdf,92
Enchance,Real Book II.pdf,93
Epilogue,Real Book II.pdf,94
Evening In Concert,Real Book II.pdf,95
Everything I Have Is Yours,Real Book II.pdf,96
Eye Of The Hurricane,Real Book II.pdf,97
Ezz-thetic,Real Book II.pdf,98
Feels So Good,Real Book II.pdf,101
First Moves,Real Book II.pdf,103
First Trip,Real Book II.pdf,104
Five Brothers,Real Book II.pdf,105
Five Spot After Dark,Real Book II.pdf,111
Flim Flam,Real Book II.pdf,106
Flintstone's Theme,Real Book II.pdf,107
Flower Is A Lonesome Thing (A),Real Book II.pdf,108
Fly By Night,Real Book II.pdf,109
Fly Me To The Moon,Real Book II.pdf,113
Flying Home,Real Book II.pdf,112
Fools Rush In,Real Book II.pdf,114
For Minors Only,Real Book II.pdf,115
Four Brothers,Real Book II.pdf,116
Fox Hunt,Real Book II.pdf,117
Freddie Froo,Real Book II.pdf,118
Free,Real Book II.pdf,123
Free Cell Block 'F',Real Book II.pdf,119
Friday The 13th,Real Book II.pdf,121
Funk Dumplin,Real Book II.pdf,111
Funky,Real Book II.pdf,123
Games People Play,Real Book II.pdf,124
Gentle Rain,Real Book II.pdf,129
Gentle Wind And Falling Tear,Real Book II.pdf,125
Georgia,Real Book II.pdf,126
Get Out Of Town,Real Book II.pdf,127
Gettin' It Togetha,Real Book II.pdf,124
Ghost Of A Chance (A),Real Book II.pdf,128
Girl Talk,Real Book II.pdf,129
Golden Notebooks,Real Book II.pdf,131
Good Bait,Real Book II.pdf,130
Gregory Is Here,Real Book II.pdf,133
Groove Merchant,Real Book II.pdf,135
Groove Yard,Real Book II.pdf,136
Groovy Samba,Real Book II.pdf,137
Hackensack,Real Book II.pdf,138
Hallucinations,Real Book II.pdf,39
Happy Little Sunbeam,Real Book II.pdf,40
Harlequin,Real Book II.pdf,43
Havona,Real Book II.pdf,141
Head And Shoulders,Real Book II.pdf,144
Hello,Real Book II.pdf,147
Here's That Sunny Day,Real Book II.pdf,145
Hi Beck,Real Book II.pdf,148
Ho-Ba-La-La,Real Book II.pdf,149
Hocus Pocus,Real Book II.pdf,150
Horacescope,Real Book II.pdf,153
Horizon,Real Book II.pdf,151
Hummin,Real Book II.pdf,154
Humpty Dumpty,Real Book II.pdf,155
I Believe In You,Real Book II.pdf,157
I Cover The Waterfront,Real Book II.pdf,159
I Get A Kick Out Of You,Real Book II.pdf,165
I Hear A Rhapsody,Real Book II.pdf,167
I Remember You,Real Book II.pdf,176
I Thought About You,Real Book II.pdf,181
I Will Wait For You,Real Book II.pdf,186
I'm A Fool To Want You,Real Book II.pdf,168
I'm Gettin' Sentimental Over You,Real Book II.pdf,170
I've Found A New Baby,Real Book II.pdf,185
Ice Cream Konitz,Real Book II.pdf,156
Idol Gossip,Real Book II.pdf,160
If I Loved You,Real Book II.pdf,161
If I Should Lose You,Real Book II.pdf,162
If I were A Bell,Real Book II.pdf,163
If You Could See Me Now,Real Book II.pdf,164
Imagination,Real Book II.pdf,169
In Case You Haven't Heard,Real Book II.pdf,171
In Pursuit Of The 27th Man,Real Book II.pdf,174
In Walked Bud,Real Book II.pdf,175
Incentive,Real Book II.pdf,172
Indiana,Real Book II.pdf,173
Is It Really True?,Real Book II.pdf,178
Island Birdie,Real Book II.pdf,177
It Could Happen To You,Real Book II.pdf,119
It Had To Be You,Real Book II.pdf,180
It Might As Well Be Spring,Real Book II.pdf,183
It's Only A Paper Moon,Real Book II.pdf,182
Jackie,Real Book II.pdf,186
Jaco,Real Book II.pdf,187
Je Ne Sais Pas,Real Book II.pdf,189
Jeannine,Real Book II.pdf,188
Jitterbug Waltz,Real Book II.pdf,191
Jody Grind,Real Book II.pdf,190
Jorgie's,Real Book II.pdf,193
Joy To The World,Real Book II.pdf,195
Joyce's Samba,Real Book II.pdf,194
Jump For Me,Real Book II.pdf,196
Jumping With Symphony Sid,Real Book II.pdf,195
Just A Few,Real Book II.pdf,197
Just A-Sittin' and A-Rockin',Real Book II.pdf,198
Just In Time,Real Book II.pdf,199
Just The Way You Are,Real Book II.pdf,201
Just You Just Me,Real Book II.pdf,200
Kary's France,Real Book II.pdf,203
Katrina Ballerina,Real Book II.pdf,204
Kentucky Oysters,Real Book II.pdf,205
Kicker (The),Real Book II.pdf,205
Kids Are Pretty People,Real Book II.pdf,206
Killer Joe,Real Book II.pdf,207
La Nevada Blues,Real Book II.pdf,213
Lady Be Good!,Real Book II.pdf,278
Lady's Blues,Real Book II.pdf,208
Lakes,Real Book II.pdf,209
Last Page (The),Real Book II.pdf,211
Laura,Real Book II.pdf,210
Leila,Real Book II.pdf,214
Lennie-Bird,Real Book II.pdf,234
Lennie's Pennies,Real Book II.pdf,215
Lester Leaps In,Real Book II.pdf,216
Let's Cook One,Real Book II.pdf,217
Liberated Brother,Real Book II.pdf,218
Lies,Real Book II.pdf,219
Light As A Feather,Real Book II.pdf,220
Like Sonny,Real Book II.pdf,221
Limbo,Real Book II.pdf,213
Little Chicago Fire,Real Book II.pdf,222
Little Rootie Tootie,Real Book II.pdf,416
Little Sunflower,Real Book II.pdf,223
Locomotion,Real Book II.pdf,224
Lone Jack,Real Book II.pdf,225
Lonely Dreams,Real Book II.pdf,227
Love For Sale,Real Book II.pdf,229
Love Vibrations,Real Book II.pdf,232
Lover,Real Book II.pdf,228
Lover Man,Real Book II.pdf,231
Lunar Tune,Real Book II.pdf,415
Lydian April,Real Book II.pdf,233
Make Someone Happy,Real Book II.pdf,235
Man I Love (The),Real Book II.pdf,236
Manteca,Real Book II.pdf,417
Masquerade,Real Book II.pdf,237
May-Reh,Real Book II.pdf,238
Mellow Mood,Real Book II.pdf,239
Memories Of You,Real Book II.pdf,240
Menina Flor,Real Book II.pdf,241
Mercy Mercy Mercy,Real Book II.pdf,242
Miles Ahead,Real Book II.pdf,243
Minor Mishap,Real Book II.pdf,244
Minor Mood,Real Book II.pdf,245
Moak's Shop,Real Book II.pdf,246
Moanin',Real Book II.pdf,247
Modesty Blues,Real Book II.pdf,248
Monk's Mood,Real Book II.pdf,249
Monk's Sphere,Real Book II.pdf,250
Moon Glow,Real Book II.pdf,251
Moon Rays,Real Book II.pdf,252
Moontrane,Real Book II.pdf,253
Moose The Mooche,Real Book II.pdf,254
Morning,Real Book II.pdf,255
Moten's Swing,Real Book II.pdf,256
Move,Real Book II.pdf,257
Moving Out,Real Book II.pdf,258
Mr. Broadway Theme From,Real Book II.pdf,259
Mr. Clean,Real Book II.pdf,234
Mr. Magic,Real Book II.pdf,261
Mr. Sims,Real Book II.pdf,262
Mr.Jones,Real Book II.pdf,260
Mrs. Miniver,Real Book II.pdf,263
Muezzin',Real Book II.pdf,264
My Little Suede Shoes,Real Book II.pdf,265
My old Flame,Real Book II.pdf,266
Mystic Touch,Real Book II.pdf,250
Nancy Joe,Real Book II.pdf,272
Nature Boy,Real Book II.pdf,267
Nearness Of You,Real Book II.pdf,268
New Thing,Real Book II.pdf,269
No Me Esqueca,Real Book II.pdf,270
No Moe,Real Book II.pdf,271
No Splice,Real Book II.pdf,275
North Atlantic Run,Real Book II.pdf,273
Now's The Time,Real Book II.pdf,272
Nutville,Real Book II.pdf,276
Off Minor,Real Book II.pdf,277
Old Devil Moon,Real Book II.pdf,279
On A Clear Day,Real Book II.pdf,280
On The Stairs,Real Book II.pdf,284
On The Trail,Real Book II.pdf,277
Once In Awhile,Real Book II.pdf,281
One By One,Real Book II.pdf,282
One Foot In The Gutter,Real Book II.pdf,283
One For Daddy-O,Real Book II.pdf,285
Opus De Funk,Real Book II.pdf,285
Our Love Is Here To Stay,Real Book II.pdf,286
Out Back Of The Barn,Real Book II.pdf,287
Oye Como Ya,Real Book II.pdf,410
Palo-Alto,Real Book II.pdf,289
Pannonic,Real Book II.pdf,288
Patterns,Real Book II.pdf,291
Pennies From Heaven,Real Book II.pdf,293
Penny Arcade,Real Book II.pdf,294
People Will Say We're In Love,Real Book II.pdf,299
Perdido,Real Book II.pdf,295
Perdido Line,Real Book II.pdf,297
Petite Fleure,Real Book II.pdf,300
Petits Machins,Real Book II.pdf,301
Phase Dance,Real Book II.pdf,303
Pick Yourself Up,Real Book II.pdf,302
Polka Dots And Moonbeams,Real Book II.pdf,304
Portrait Of Jennie,Real Book II.pdf,305
Pragression,Real Book II.pdf,306
Preacher (The),Real Book II.pdf,307
Pursuance,Real Book II.pdf,307
Quicksilver,Real Book II.pdf,308
Ramblin',Real Book II.pdf,314
Recado Bossa Nova,Real Book II.pdf,309
Red Cross,Real Book II.pdf,310
Remark You Made,Real Book II.pdf,311
Rhythm-A-Ning,Real Book II.pdf,316
Robbin's Nest,Real Book II.pdf,313
Round Trip,Real Book II.pdf,314
Rubberneck,Real Book II.pdf,315
Saint James Infirmary,Real Book II.pdf,332
Saint Thomas,Real Book II.pdf,322
Salt Peanuts,Real Book II.pdf,317
Samba Du Bois,Real Book II.pdf,318
Sandu,Real Book II.pdf,319
Scene Is Clean (The),Real Book II.pdf,418
September In The Rain,Real Book II.pdf,320
September Song,Real Book II.pdf,321
Serenade To A Soul Sister,Real Book II.pdf,323
Serene,Real Book II.pdf,322
Serenity,Real Book II.pdf,326
Seventeen West,Real Book II.pdf,324
Shiny Stockings,Real Book II.pdf,325
Short Riff,Real Book II.pdf,363
Short Stop,Real Book II.pdf,329
Shutter Bug,Real Book II.pdf,329
Silver's Serenade,Real Book II.pdf,327
Simone,Real Book II.pdf,328
Sippin' At Bell's,Real Book II.pdf,332
Sister Sadie,Real Book II.pdf,331
Sleeping Bee,Real Book II.pdf,419
Slipped Disc,Real Book II.pdf,333
Slow Hot Wind,Real Book II.pdf,335
Smoke Gets In Your Eyes,Real Book II.pdf,336
Softly As A Morning Sunrise,Real Book II.pdf,337
Some Other Blues,Real Book II.pdf,326
Someone To Watch Over Me,Real Book II.pdf,338
Song For Bilbad,Real Book II.pdf,339
Song For My Lady,Real Book II.pdf,324
Soul Eyes,Real Book II.pdf,340
Soultrane,Real Book II.pdf,341
Sound Lee,Real Book II.pdf,342
Speak Like A Child,Real Book II.pdf,343
Speak Low,Real Book II.pdf,344
Spiral,Real Book II.pdf,345
Spring Can Really Hang You Up The Most,Real Book II.pdf,346
St. Louis Blues,Real Book II.pdf,349
Star Eyes,Real Book II.pdf,348
Stardust,Real Book II.pdf,347
Straight Life,Real Book II.pdf,350
Strayhorn 2,Real Book II.pdf,351
Strode Rode,Real Book II.pdf,352
Strollin,Real Book II.pdf,353
Struttin' With Some Bar-B-Q,Real Book II.pdf,354
Sub-Conscious-Lee,Real Book II.pdf,355
Summer In Central Park,Real Book II.pdf,356
Summer Knows (The),Real Book II.pdf,357
Summer Time,Real Book II.pdf,330
Sunshine Express,Real Book II.pdf,358
Sweet Georgia Brown,Real Book II.pdf,360
Sweetest Sounds(The),Real Book II.pdf,359
Swingin' Shepherd Blues,Real Book II.pdf,330
Syeeda's Song Flute,Real Book II.pdf,361
Tadd's Delight,Real Book II.pdf,364
Taking A Chance on Love,Real Book II.pdf,365
Tangerine,Real Book II.pdf,366
Tautology,Real Book II.pdf,367
Teenie' Blues,Real Book II.pdf,368
Tenderly,Real Book II.pdf,369
Tenor Madness,Real Book II.pdf,383
Theirs Tears,Real Book II.pdf,370
Theme From Mr. Broadway,Real Book II.pdf,259
These Foolish Things (ReMind Me Of You),Real Book II.pdf,371
Things Ain't What They Used To Be,Real Book II.pdf,372
Things To Come,Real Book II.pdf,373
This I Dig Of You,Real Book II.pdf,374
Three Base Hit,Real Book II.pdf,420
Thriving On A Riff,Real Book II.pdf,375
Thumper (The),Real Book II.pdf,363
Tickle-Toe,Real Book II.pdf,376
Till There was You,Real Book II.pdf,377
Time After Time,Real Book II.pdf,378
Tippin',Real Book II.pdf,379
Toad's Place,Real Book II.pdf,381
Tomorrow's Destiny,Real Book II.pdf,380
Trane's Blues,Real Book II.pdf,383
Turn Around,Real Book II.pdf,384
Twisted,Real Book II.pdf,368
Two Not One,Real Book II.pdf,385
Vonetta,Real Book II.pdf,386
Walk Tall,Real Book II.pdf,389
Walkin' Shoes,Real Book II.pdf,387
Walkin' Thing (A),Real Book II.pdf,388
Wall Street,Real Book II.pdf,390
Watch What Happens,Real Book II.pdf,391
Water Colors,Real Book II.pdf,392
Watersign,Real Book II.pdf,393
Way You Look Tonight(The),Real Book II.pdf,395
Webb City,Real Book II.pdf,421
Weekend Blues,Real Book II.pdf,396
Wendy,Real Book II.pdf,397
What's New,Real Book II.pdf,398
When Lights Are Low,Real Book II.pdf,399
Whisper Not,Real Book II.pdf,400
Who Can I Turn To,Real Book II.pdf,401
Whopper (The),Real Book II.pdf,402
Willow Weep For Me,Real Book II.pdf,403
Work Song,Real Book II.pdf,406
Wow,Real Book II.pdf,404
Wrong It Right,Real Book II.pdf,405
Yana Amina,Real Book II.pdf,407
Yardbird Suite,Real Book II.pdf,408
You Better Leave It Alone,Real Book II.pdf,406
You Stepped Out Of A Dream,Real Book II.pdf,409
You'd Be So Nice To Come Home To,Real Book II.pdf,410
