Aja,zSteely-Dan-Complete-Songbook.pdf,77,4
Any Major Dude Will Tell You,zSteely-Dan-Complete-Songbook.pdf,55,4
Any World (That I'm Welcome To),zSteely-Dan-Complete-Songbook.pdf,188,5
Bad Sneakers,zSteely-Dan-Complete-Songbook.pdf,141,3
Barry Town,zSteely-Dan-Complete-Songbook.pdf,109,4
Black Cow (song book),zSteely-Dan-Complete-Songbook.pdf,13,4
Black Friday,zSteely-Dan-Complete-Songbook.pdf,126,3
Bodhisattva,zSteely-Dan-Complete-Songbook.pdf,75,2
Brooklyn (Owes The Charmer Under Me),zSteely-Dan-Complete-Songbook.pdf,63,2
Chain Lightning,zSteely-Dan-Complete-Songbook.pdf,41,2
Change Of The Guard,zSteely-Dan-Complete-Songbook.pdf,144,3
Charlie Freak,zSteely-Dan-Complete-Songbook.pdf,27,2
Daddy Don't Live In That New York City No More,zSteely-Dan-Complete-Songbook.pdf,105,4
Deacon Blues,zSteely-Dan-Complete-Songbook.pdf,121,5
Dirty Work,zSteely-Dan-Complete-Songbook.pdf,153,3
Do It Again,zSteely-Dan-Complete-Songbook.pdf,169,3
Doctor Wu,zSteely-Dan-Complete-Songbook.pdf,51,4
Don't Take Me Alive,zSteely-Dan-Complete-Songbook.pdf,178,5
East St. Louis Toodle-oo,zSteely-Dan-Complete-Songbook.pdf,29,4
Everyone's Gone To The Movies (not complete),zSteely-Dan-Complete-Songbook.pdf,193,3
Everything You Did,zSteely-Dan-Complete-Songbook.pdf,5,4
Fire In The Hole,zSteely-Dan-Complete-Songbook.pdf,81,2
Green Earrings,zSteely-Dan-Complete-Songbook.pdf,87,4
Haitian Divorce,zSteely-Dan-Complete-Songbook.pdf,43,6
Home At Last,zSteely-Dan-Complete-Songbook.pdf,65,4
I Got The News,zSteely-Dan-Complete-Songbook.pdf,97,4
Josie (songbook),zSteely-Dan-Complete-Songbook.pdf,101,4
Kid Charlemagne,zSteely-Dan-Complete-Songbook.pdf,183,5
King Of The World,zSteely-Dan-Complete-Songbook.pdf,69,4
Kings,zSteely-Dan-Complete-Songbook.pdf,33,4
Midnite Cruiser,zSteely-Dan-Complete-Songbook.pdf,135,3
Monkey In Your Soul,zSteely-Dan-Complete-Songbook.pdf,91,2
My Old School (song book),zSteely-Dan-Complete-Songbook.pdf,172,3
Night By Night,zSteely-Dan-Complete-Songbook.pdf,132,3
Only A Fool Would Say That,zSteely-Dan-Complete-Songbook.pdf,156,5
Parker's Band,zSteely-Dan-Complete-Songbook.pdf,23,4
Pearl Of The Quarter,zSteely-Dan-Complete-Songbook.pdf,138,3
Peg,zSteely-Dan-Complete-Songbook.pdf,37,4
Pretzel Logic,zSteely-Dan-Complete-Songbook.pdf,117,4
Razor Boy,zSteely-Dan-Complete-Songbook.pdf,147,3
Reeling In The Years,zSteely-Dan-Complete-Songbook.pdf,2,3
Rikki Don't Lose That Number,zSteely-Dan-Complete-Songbook.pdf,93,4
Rose Darling,zSteely-Dan-Complete-Songbook.pdf,175,3
Show Biz Kids,zSteely-Dan-Complete-Songbook.pdf,59,4
Sign In Stranger,zSteely-Dan-Complete-Songbook.pdf,83,4
The Boston Rag,zSteely-Dan-Complete-Songbook.pdf,161,3
The Caves Of Altamira,zSteely-Dan-Complete-Songbook.pdf,113,4
The Fez,zSteely-Dan-Complete-Songbook.pdf,17,2
The Royal Scam,zSteely-Dan-Complete-Songbook.pdf,164,5
Through With Buzz,zSteely-Dan-Complete-Songbook.pdf,49,2
Throw Back The Little Ones,zSteely-Dan-Complete-Songbook.pdf,129,3
Turn That Heart Beat Over Again,zSteely-Dan-Complete-Songbook.pdf,9,4
With A Gun,zSteely-Dan-Complete-Songbook.pdf,150,3
Your Gold Teeth,zSteely-Dan-Complete-Songbook.pdf,19,4
Your Gold Teeth II,zSteely-Dan-Complete-Songbook.pdf,73,2