Affirmation,zthenewrealbookx.pdf,16
Airegin,zthenewrealbookx.pdf,17
All Or Nothing At All,zthenewrealbookx.pdf,444
Always There,zthenewrealbookx.pdf,18
Anamaria,zthenewrealbookx.pdf,20
Angel Eyes,zthenewrealbookx.pdf,22
Anthropology,zthenewrealbookx.pdf,24
Autumn Leaves,zthenewrealbookx.pdf,25
Baby I Love You,zthenewrealbookx.pdf,26
Basin Street Blues,zthenewrealbookx.pdf,28
Beautiful Love,zthenewrealbookx.pdf,29
Bernie's Tune,zthenewrealbookx.pdf,30
Bird Food,zthenewrealbookx.pdf,31
Black Ice,zthenewrealbookx.pdf,32
Black Narcissus,zthenewrealbookx.pdf,34
Blame It On My Youth,zthenewrealbookx.pdf,35
Blizzard Of Lies,zthenewrealbookx.pdf,36
Blue Bossa,zthenewrealbookx.pdf,38
Blue Daniel,zthenewrealbookx.pdf,39
Blues Connotation,zthenewrealbookx.pdf,40
Blues On The Corner,zthenewrealbookx.pdf,43
Boogie Down,zthenewrealbookx.pdf,44
Both Sides Of The Coin,zthenewrealbookx.pdf,50
Bouncin' With Bud,zthenewrealbookx.pdf,52
Breakfast Wine,zthenewrealbookx.pdf,54
Breakin' Away,zthenewrealbookx.pdf,56
But Beautiful,zthenewrealbookx.pdf,59
Chain Of Fools,zthenewrealbookx.pdf,60
Change Of Mind,zthenewrealbookx.pdf,62
Chega De Saudade,zthenewrealbookx.pdf,64
Chelsea Bridge,zthenewrealbookx.pdf,66
Come Sunday,zthenewrealbookx.pdf,67
Compared To What,zthenewrealbookx.pdf,68
Creek,zthenewrealbookx.pdf,71
Crystal,zthenewrealbookx.pdf,72
Cubano Chant,zthenewrealbookx.pdf,74
Darn That Dream,zthenewrealbookx.pdf,76
Dearly Beloved,zthenewrealbookx.pdf,77
Delevans,zthenewrealbookx.pdf,78
Desafinado,zthenewrealbookx.pdf,80
Desire,zthenewrealbookx.pdf,82
Dig,zthenewrealbookx.pdf,85
Dindi,zthenewrealbookx.pdf,86
Do Nothing 'Til You Hear From Me,zthenewrealbookx.pdf,446
Don't Get Around Much Anymore,zthenewrealbookx.pdf,447
Don't Go To Strangers,zthenewrealbookx.pdf,89
Doors,zthenewrealbookx.pdf,90
E.S.P.,zthenewrealbookx.pdf,105
Early Autumn,zthenewrealbookx.pdf,91
Easy,zthenewrealbookx.pdf,92
Eighty One,zthenewrealbookx.pdf,94
Elm,zthenewrealbookx.pdf,96
Endangered Species,zthenewrealbookx.pdf,98
Everything Happens To Me,zthenewrealbookx.pdf,106
Fall,zthenewrealbookx.pdf,108
Farmers Market,zthenewrealbookx.pdf,109
Favela,zthenewrealbookx.pdf,110
Feel Like Makin' Love,zthenewrealbookx.pdf,111
Fire,zthenewrealbookx.pdf,112
First Light,zthenewrealbookx.pdf,113
Foolkiller,zthenewrealbookx.pdf,114
Footprints,zthenewrealbookx.pdf,115
Four,zthenewrealbookx.pdf,116
Four Brothers,zthenewrealbookx.pdf,118
Four On Six,zthenewrealbookx.pdf,119
Friends And Strangers,zthenewrealbookx.pdf,120
Funkallero,zthenewrealbookx.pdf,123
Gaviota,zthenewrealbookx.pdf,124
Gee Baby Ain't I Good To You,zthenewrealbookx.pdf,127
Gemini,zthenewrealbookx.pdf,128
Giaruja,zthenewrealbookx.pdf,144
Gloria's Step,zthenewrealbookx.pdf,133
Goin' Home,zthenewrealbookx.pdf,134
Gone With The Wind,zthenewrealbookx.pdf,139
Good Morning Heartache,zthenewrealbookx.pdf,448
Hallucinations,zthenewrealbookx.pdf,146
Haunted Ballroom,zthenewrealbookx.pdf,149
Havona,zthenewrealbookx.pdf,150
Here's That Rainy Day,zthenewrealbookx.pdf,153
Hideaway,zthenewrealbookx.pdf,154
I Love Lucy,zthenewrealbookx.pdf,157
I Mean You,zthenewrealbookx.pdf,158
I Should Care,zthenewrealbookx.pdf,160
I Thought About Your,zthenewrealbookx.pdf,161
I'll Take Romance,zthenewrealbookx.pdf,166
I'm All Smiles,zthenewrealbookx.pdf,168
I'm Old Fasihoned,zthenewrealbookx.pdf,170
If I Were A Bell,zthenewrealbookx.pdf,162
If You Never Come To Me,zthenewrealbookx.pdf,165
Imagination,zthenewrealbookx.pdf,171
In Walked Bud,zthenewrealbookx.pdf,173
It Happens Every Day,zthenewrealbookx.pdf,176
Jersey Bounce,zthenewrealbookx.pdf,179
Joshua,zthenewrealbookx.pdf,180
Keep That Same Old Feeling,zthenewrealbookx.pdf,182
Killing Me Softly With His Song,zthenewrealbookx.pdf,185
La Samba,zthenewrealbookx.pdf,186
La Vida Feliz,zthenewrealbookx.pdf,188
Lady Bird,zthenewrealbookx.pdf,192
Last First,zthenewrealbookx.pdf,194
Last Train From Overbrook,zthenewrealbookx.pdf,196
Laurie,zthenewrealbookx.pdf,197
Let Me Be The One,zthenewrealbookx.pdf,198
Let's Go Dancin',zthenewrealbookx.pdf,200
Like Someone In Love,zthenewrealbookx.pdf,202
Line For Lyons,zthenewrealbookx.pdf,203
Little Sunflower,zthenewrealbookx.pdf,204
Little Tear (A),zthenewrealbookx.pdf,205
Little Waltz,zthenewrealbookx.pdf,206
Long Ago And Far Away,zthenewrealbookx.pdf,207
Love Came On Stealthy Fingers,zthenewrealbookx.pdf,208
Love Dance,zthenewrealbookx.pdf,210
Lush Life,zthenewrealbookx.pdf,212
Madagascar,zthenewrealbookx.pdf,214
Make Me A Memory (Sade Samba),zthenewrealbookx.pdf,217
Matinee Idol,zthenewrealbookx.pdf,218
Mercy Mercy Mercy,zthenewrealbookx.pdf,220
Misty,zthenewrealbookx.pdf,449
Modadji,zthenewrealbookx.pdf,224
Monk's Mood,zthenewrealbookx.pdf,227
Monkey's Uncle,zthenewrealbookx.pdf,228
Moonlight In Vermont,zthenewrealbookx.pdf,233
Mornin',zthenewrealbookx.pdf,234
Morning Dance,zthenewrealbookx.pdf,236
Mr. Clean,zthenewrealbookx.pdf,238
Mr. Gone,zthenewrealbookx.pdf,240
My Attorney Bernie,zthenewrealbookx.pdf,242
My Romance,zthenewrealbookx.pdf,244
My Shining Hour,zthenewrealbookx.pdf,245
Nature Boy,zthenewrealbookx.pdf,246
Nefertiti,zthenewrealbookx.pdf,247
Never Givin' Up,zthenewrealbookx.pdf,248
Never Make Your Move Too Soon,zthenewrealbookx.pdf,252
Nigerian Marketplace,zthenewrealbookx.pdf,254
Night Lake,zthenewrealbookx.pdf,255
No Me Esqueca,zthenewrealbookx.pdf,256
Not Ethiopia,zthenewrealbookx.pdf,258
Nothing Personal,zthenewrealbookx.pdf,260
Off Minor,zthenewrealbookx.pdf,262
Oleo,zthenewrealbookx.pdf,264
Once I Loved,zthenewrealbookx.pdf,265
One Family,zthenewrealbookx.pdf,266
One For My Baby(And One More For The Road),zthenewrealbookx.pdf,268
Out Of This World,zthenewrealbookx.pdf,270
Oz,zthenewrealbookx.pdf,272
P.Y.T.(Pretty Young Thing),zthenewrealbookx.pdf,296
Papa Lips,zthenewrealbookx.pdf,274
Partido Alto,zthenewrealbookx.pdf,276
Pent Up House,zthenewrealbookx.pdf,280
Plaza Real,zthenewrealbookx.pdf,282
Polkadots And Moonbeams,zthenewrealbookx.pdf,288
Portrait Of Tracy,zthenewrealbookx.pdf,290
Promenade,zthenewrealbookx.pdf,292
Put It Where You Want It,zthenewrealbookx.pdf,294
Quintessence,zthenewrealbookx.pdf,298
Rapture,zthenewrealbookx.pdf,299
Re: Person I Knew,zthenewrealbookx.pdf,301
Reincarna11on Of A Lovebird,zthenewrealbookx.pdf,302
Remember Rockefeller At Attica,zthenewrealbookx.pdf,305
Rio,zthenewrealbookx.pdf,306
River People,zthenewrealbookx.pdf,309
Robbin's Nest,zthenewrealbookx.pdf,312
Ruby My Dear,zthenewrealbookx.pdf,314
Rush Hour,zthenewrealbookx.pdf,316
Safari,zthenewrealbookx.pdf,318
Sandu,zthenewrealbookx.pdf,322
Satin Doll,zthenewrealbookx.pdf,323
Save Your Love For Me,zthenewrealbookx.pdf,324
Search For Peace,zthenewrealbookx.pdf,327
Self Portrait In Three Colors,zthenewrealbookx.pdf,328
Shaker Song,zthenewrealbookx.pdf,330
Shaw 'Nuff,zthenewrealbookx.pdf,332
Simple Samba,zthenewrealbookx.pdf,334
Skylark,zthenewrealbookx.pdf,336
Sleepin' Bee,zthenewrealbookx.pdf,337
Small Day Tomorrow,zthenewrealbookx.pdf,338
Solar,zthenewrealbookx.pdf,340
Someday My Prince Will Come,zthenewrealbookx.pdf,341
Song For Lorraine,zthenewrealbookx.pdf,342
Sonja's Sanfona,zthenewrealbookx.pdf,346
Soul Sauce (Wachi Wara),zthenewrealbookx.pdf,350
Speak Low,zthenewrealbookx.pdf,450
Speak No Evil,zthenewrealbookx.pdf,351
Spiral,zthenewrealbookx.pdf,352
St. Thomas,zthenewrealbookx.pdf,355
Sticky Wicket,zthenewrealbookx.pdf,356
Stormy Weather,zthenewrealbookx.pdf,452
Street Life,zthenewrealbookx.pdf,360
Sudden Samba,zthenewrealbookx.pdf,363
Sunrunner,zthenewrealbookx.pdf,364
Take The 'A' Train,zthenewrealbookx.pdf,366
Tenderly,zthenewrealbookx.pdf,368
The Goodbye Look,zthenewrealbookx.pdf,140
The Island,zthenewrealbookx.pdf,174
The Midnight Sun,zthenewrealbookx.pdf,222
The Midnight Sun Will Never Set,zthenewrealbookx.pdf,223
The Song Is You,zthenewrealbookx.pdf,344
The Three Marias,zthenewrealbookx.pdf,374
The Way You Look Tonight,zthenewrealbookx.pdf,410
Theme For Ernie,zthenewrealbookx.pdf,369
There Will Never Be Another You,zthenewrealbookx.pdf,370
These Foolish Things,zthenewrealbookx.pdf,371
This Masquerade,zthenewrealbookx.pdf,373
Three Views Of A Secret,zthenewrealbookx.pdf,382
Time Remembers One Time Once,zthenewrealbookx.pdf,384
Triste,zthenewrealbookx.pdf,385
Tune Up,zthenewrealbookx.pdf,387
Turn Your Love Around,zthenewrealbookx.pdf,388
Twisted,zthenewrealbookx.pdf,390
Unit Seven,zthenewrealbookx.pdf,392
Up Jumped Spring,zthenewrealbookx.pdf,395
Up With The Lark,zthenewrealbookx.pdf,396
Velas (Velas Icadas),zthenewrealbookx.pdf,398
Very Early,zthenewrealbookx.pdf,400
Voyage,zthenewrealbookx.pdf,401
Waltz For Debby,zthenewrealbookx.pdf,402
Waltz New,zthenewrealbookx.pdf,404
Watch What Happens,zthenewrealbookx.pdf,405
Waterwings,zthenewrealbookx.pdf,406
Wave,zthenewrealbookx.pdf,408
We'll Be Together Again,zthenewrealbookx.pdf,414
Weaver Of Dreams(A),zthenewrealbookx.pdf,413
Well You Needn't,zthenewrealbookx.pdf,415
West Coast Blues,zthenewrealbookx.pdf,416
What's New?,zthenewrealbookx.pdf,417
Where Is Love?,zthenewrealbookx.pdf,418
Who Can I Turn To?,zthenewrealbookx.pdf,419
Wildflower,zthenewrealbookx.pdf,420
Willow Weep For Me,zthenewrealbookx.pdf,421
Witchcraft,zthenewrealbookx.pdf,422
Yes And No,zthenewrealbookx.pdf,423
Yesterdays,zthenewrealbookx.pdf,424
Young Rabbits,zthenewrealbookx.pdf,425
Your Mind Is On Vacation,zthenewrealbookx.pdf,426