Abrahamn Martin and John,zThe Ultimate Pop Rock Fake Book.pdf,24,1
All I Have to Do is Dream,zThe Ultimate Pop Rock Fake Book.pdf,24,1
All Shook Up,zThe Ultimate Pop Rock Fake Book.pdf,25,1
All Through the Night,zThe Ultimate Pop Rock Fake Book.pdf,26,1
Apache,zThe Ultimate Pop Rock Fake Book.pdf,27,1
All I Need is a Miracle,zThe Ultimate Pop Rock Fake Book.pdf,28,1
Are You Lonesome Tonight?,zThe Ultimate Pop Rock Fake Book.pdf,29,1
At The Hop,zThe Ultimate Pop Rock Fake Book.pdf,29,1
Alone at Last,zThe Ultimate Pop Rock Fake Book.pdf,30,1
Another Somebody Done Somebody Wrong Song,zThe Ultimate Pop Rock Fake Book.pdf,30,1
At My Front Door,zThe Ultimate Pop Rock Fake Book.pdf,31,1
Along Came Jones,zThe Ultimate Pop Rock Fake Book.pdf,32,1
As Tears Goes By,zThe Ultimate Pop Rock Fake Book.pdf,32,1
Band of Gold,zThe Ultimate Pop Rock Fake Book.pdf,33,1
Back in the USA,zThe Ultimate Pop Rock Fake Book.pdf,34,1
Battle of New Orleans,zThe Ultimate Pop Rock Fake Book.pdf,34,1
Bad Blood,zThe Ultimate Pop Rock Fake Book.pdf,35,1
Baker Street,zThe Ultimate Pop Rock Fake Book.pdf,36,1
The Banana Boat Song,zThe Ultimate Pop Rock Fake Book.pdf,37,1
Big Hunk O Love,zThe Ultimate Pop Rock Fake Book.pdf,37,1
Bang a Gong Get it On,zThe Ultimate Pop Rock Fake Book.pdf,38,1
Bill Don t Be a Hero,zThe Ultimate Pop Rock Fake Book.pdf,38,2
Because They're Young,zThe Ultimate Pop Rock Fake Book.pdf,40,1
Bird Dog,zThe Ultimate Pop Rock Fake Book.pdf,40,1
Blue Jean,zThe Ultimate Pop Rock Fake Book.pdf,41,1
Blue Suede Shoes,zThe Ultimate Pop Rock Fake Book.pdf,42,1
Bristol Stomp,zThe Ultimate Pop Rock Fake Book.pdf,42,1
Blueberry Hill,zThe Ultimate Pop Rock Fake Book.pdf,43,1
Bennie and the Jets,zThe Ultimate Pop Rock Fake Book.pdf,44,1
Butterfly,zThe Ultimate Pop Rock Fake Book.pdf,44,1
Brandy You're a Fine girl (pop book),zThe Ultimate Pop Rock Fake Book.pdf,45,1
Bad Girls (pop book),zThe Ultimate Pop Rock Fake Book.pdf,46,1
CC Rider,zThe Ultimate Pop Rock Fake Book.pdf,47,1
Boys are Back in Town,zThe Ultimate Pop Rock Fake Book.pdf,48,1
Bread and Butter,zThe Ultimate Pop Rock Fake Book.pdf,49,1
Book of Love,zThe Ultimate Pop Rock Fake Book.pdf,50,1
Build Me Up Buttercup,zThe Ultimate Pop Rock Fake Book.pdf,50,1
Cant Help Falling in Love,zThe Ultimate Pop Rock Fake Book.pdf,51,1
Bye Bye Love,zThe Ultimate Pop Rock Fake Book.pdf,52,1
California Dreaming,zThe Ultimate Pop Rock Fake Book.pdf,52,1
Cant Buy Me Love,zThe Ultimate Pop Rock Fake Book.pdf,53,1
Car Wash,zThe Ultimate Pop Rock Fake Book.pdf,54,1
Cara Mira,zThe Ultimate Pop Rock Fake Book.pdf,55,1
Chantilly Lace,zThe Ultimate Pop Rock Fake Book.pdf,55,1
Careless Whisper,zThe Ultimate Pop Rock Fake Book.pdf,56,1
Cracklin Rose,zThe Ultimate Pop Rock Fake Book.pdf,57,1
Cathys Clown,zThe Ultimate Pop Rock Fake Book.pdf,58,1
Celebratae,zThe Ultimate Pop Rock Fake Book.pdf,58,1
Chapel of Love,zThe Ultimate Pop Rock Fake Book.pdf,59,1
Charlie Brown,zThe Ultimate Pop Rock Fake Book.pdf,60,1
Cool Jerk,zThe Ultimate Pop Rock Fake Book.pdf,60,1
Cotton Fields,zThe Ultimate Pop Rock Fake Book.pdf,61,1
Ceherry Cherry,zThe Ultimate Pop Rock Fake Book.pdf,62,1
Cradle of Love,zThe Ultimate Pop Rock Fake Book.pdf,63,1
Crocodile Rock,zThe Ultimate Pop Rock Fake Book.pdf,64,1
Dedicated to the One I Love,zThe Ultimate Pop Rock Fake Book.pdf,64,2
Come Go With Me,zThe Ultimate Pop Rock Fake Book.pdf,66,1
Dark Moon,zThe Ultimate Pop Rock Fake Book.pdf,66,1
Don t go Breaking My Heart,zThe Ultimate Pop Rock Fake Book.pdf,67,1
Dancing Queen,zThe Ultimate Pop Rock Fake Book.pdf,68,1
Daniel,zThe Ultimate Pop Rock Fake Book.pdf,68,1
Duke of Earl,zThe Ultimate Pop Rock Fake Book.pdf,69,1
DayDream,zThe Ultimate Pop Rock Fake Book.pdf,70,1
Diana,zThe Ultimate Pop Rock Fake Book.pdf,71,1
Day Tripper,zThe Ultimate Pop Rock Fake Book.pdf,72,1
Do You Want to Dance,zThe Ultimate Pop Rock Fake Book.pdf,72,2
Dear One,zThe Ultimate Pop Rock Fake Book.pdf,74,1
Doctor Doctor,zThe Ultimate Pop Rock Fake Book.pdf,74,2
Detroit City,zThe Ultimate Pop Rock Fake Book.pdf,76,1
Devil or Angel,zThe Ultimate Pop Rock Fake Book.pdf,76,1
Earth Angel,zThe Ultimate Pop Rock Fake Book.pdf,77,1
Did You Ever Have to Make Up Your Mind,zThe Ultimate Pop Rock Fake Book.pdf,78,1
Don t Be Cruel,zThe Ultimate Pop Rock Fake Book.pdf,79,1
Dont You Forget About Me,zThe Ultimate Pop Rock Fake Book.pdf,80,1
Donna Donna the Prima Donna,zThe Ultimate Pop Rock Fake Book.pdf,81,1
Downtown,zThe Ultimate Pop Rock Fake Book.pdf,82,1
Electric Avenue,zThe Ultimate Pop Rock Fake Book.pdf,83,1
El Paso,zThe Ultimate Pop Rock Fake Book.pdf,84,1
Elvira,zThe Ultimate Pop Rock Fake Book.pdf,84,1
End of the World,zThe Ultimate Pop Rock Fake Book.pdf,85,1
Jenny 867 5309,zThe Ultimate Pop Rock Fake Book.pdf,86,1
Eleanor Rigby,zThe Ultimate Pop Rock Fake Book.pdf,86,2
Endless Love,zThe Ultimate Pop Rock Fake Book.pdf,88,1
First Time I Ever Saw Her Face,zThe Ultimate Pop Rock Fake Book.pdf,89,1
Every Breath You Take,zThe Ultimate Pop Rock Fake Book.pdf,90,1
Flowers on the Wall,zThe Ultimate Pop Rock Fake Book.pdf,91,1
Everything She Wants,zThe Ultimate Pop Rock Fake Book.pdf,92,1
For Your Precious Love,zThe Ultimate Pop Rock Fake Book.pdf,93,1
Everytime You Go Away,zThe Ultimate Pop Rock Fake Book.pdf,94,1
Game of Love,zThe Ultimate Pop Rock Fake Book.pdf,95,1
Flashdance What a Feeling,zThe Ultimate Pop Rock Fake Book.pdf,96,1
Free Bird,zThe Ultimate Pop Rock Fake Book.pdf,97,1
From a Jack to a King,zThe Ultimate Pop Rock Fake Book.pdf,98,1
Great Balls of Fire,zThe Ultimate Pop Rock Fake Book.pdf,98,1
Garden Party,zThe Ultimate Pop Rock Fake Book.pdf,99,1
Georgy Girl,zThe Ultimate Pop Rock Fake Book.pdf,100,1
Goodbye Yellow Brick Road,zThe Ultimate Pop Rock Fake Book.pdf,100,1
The Green Door,zThe Ultimate Pop Rock Fake Book.pdf,101,1
Gloria (by Laura Branigan),zThe Ultimate Pop Rock Fake Book.pdf,102,1
Gloria (by Shadows of the Night),zThe Ultimate Pop Rock Fake Book.pdf,103,1
Going out of my head,zThe Ultimate Pop Rock Fake Book.pdf,104,1
Good Loving,zThe Ultimate Pop Rock Fake Book.pdf,104,1
Green Green Grass of Home,zThe Ultimate Pop Rock Fake Book.pdf,105,1
Good Luck Charm,zThe Ultimate Pop Rock Fake Book.pdf,106,1
Grazing in the Grass,zThe Ultimate Pop Rock Fake Book.pdf,106,1
Harper Valley PTA,zThe Ultimate Pop Rock Fake Book.pdf,107,1
Grease,zThe Ultimate Pop Rock Fake Book.pdf,108,1
Groovin,zThe Ultimate Pop Rock Fake Book.pdf,108,1
Hard Days Night,zThe Ultimate Pop Rock Fake Book.pdf,109,1
Guitar Boogie Shuffle,zThe Ultimate Pop Rock Fake Book.pdf,110,1
Hang on Sloopy,zThe Ultimate Pop Rock Fake Book.pdf,110,1
Hanky Panky,zThe Ultimate Pop Rock Fake Book.pdf,111,1
Happy Together,zThe Ultimate Pop Rock Fake Book.pdf,112,1
Hard Headed Women,zThe Ultimate Pop Rock Fake Book.pdf,112,1
He's a Rebel,zThe Ultimate Pop Rock Fake Book.pdf,113,1
Happy Happy Birthday Baby,zThe Ultimate Pop Rock Fake Book.pdf,114,1
Heartaches by the Number,zThe Ultimate Pop Rock Fake Book.pdf,114,1
Hey Jude,zThe Ultimate Pop Rock Fake Book.pdf,115,1
Hello Mary Lou,zThe Ultimate Pop Rock Fake Book.pdf,116,1
Heartbreak Hotel,zThe Ultimate Pop Rock Fake Book.pdf,116,1
Hold Me Now,zThe Ultimate Pop Rock Fake Book.pdf,117,1
Hi-Hell Sneakers,zThe Ultimate Pop Rock Fake Book.pdf,118,1
Honky Cat (pop book),zThe Ultimate Pop Rock Fake Book.pdf,118,2
Here Comes Summer,zThe Ultimate Pop Rock Fake Book.pdf,120,1
His Latest Flame,zThe Ultimate Pop Rock Fake Book.pdf,120,1
How Can You Mend a Broken Heart,zThe Ultimate Pop Rock Fake Book.pdf,121,1
Hot Stuff,zThe Ultimate Pop Rock Fake Book.pdf,122,1
The Horse,zThe Ultimate Pop Rock Fake Book.pdf,123,1
Hound Dog,zThe Ultimate Pop Rock Fake Book.pdf,123,1
How Deep is Your Love,zThe Ultimate Pop Rock Fake Book.pdf,124,1
How Do You Do It?,zThe Ultimate Pop Rock Fake Book.pdf,124,1
Hushabye,zThe Ultimate Pop Rock Fake Book.pdf,125,1
A Hundreds Pounds of Clay,zThe Ultimate Pop Rock Fake Book.pdf,126,1
Hungry Like the Wolf,zThe Ultimate Pop Rock Fake Book.pdf,126,1
I Almost Lost My Mind,zThe Ultimate Pop Rock Fake Book.pdf,127,1
I Can See for Miles,zThe Ultimate Pop Rock Fake Book.pdf,128,1
I Just Want to be Your Everything,zThe Ultimate Pop Rock Fake Book.pdf,128,1
I A got a Women,zThe Ultimate Pop Rock Fake Book.pdf,129,1
I Can't Go For That (No Can Do),zThe Ultimate Pop Rock Fake Book.pdf,130,1
I Fought the Law,zThe Ultimate Pop Rock Fake Book.pdf,130,1
I Like it Like That,zThe Ultimate Pop Rock Fake Book.pdf,131,1
I Keep Forgetting,zThe Ultimate Pop Rock Fake Book.pdf,132,1
I Need Your Love Tonight,zThe Ultimate Pop Rock Fake Book.pdf,133,1
I Understand Just How You Feel,zThe Ultimate Pop Rock Fake Book.pdf,133,1
I Saw Her Standing There,zThe Ultimate Pop Rock Fake Book.pdf,134,1
I Want to Hold Your Hand,zThe Ultimate Pop Rock Fake Book.pdf,134,1
I'm a Man,zThe Ultimate Pop Rock Fake Book.pdf,135,1
I OnlyWant to Be With You,zThe Ultimate Pop Rock Fake Book.pdf,136,1
I Want You I Need You I Love You,zThe Ultimate Pop Rock Fake Book.pdf,136,1
I'm Gonna Sit Right Down and Write Myself a Letter,zThe Ultimate Pop Rock Fake Book.pdf,137,1
I'm Just a Singer in a Rock and Roll Band,zThe Ultimate Pop Rock Fake Book.pdf,138,1
I'm Sorry,zThe Ultimate Pop Rock Fake Book.pdf,139,1
I've Got to Get a Message To You,zThe Ultimate Pop Rock Fake Book.pdf,139,1
I'm Your Man,zThe Ultimate Pop Rock Fake Book.pdf,140,1
It's My Party,zThe Ultimate Pop Rock Fake Book.pdf,141,1
I've Told Every Little Star,zThe Ultimate Pop Rock Fake Book.pdf,142,1
It s in his Kiss (Shoop Shoop),zThe Ultimate Pop Rock Fake Book.pdf,142,1
Island Girl,zThe Ultimate Pop Rock Fake Book.pdf,143,1
If I Can't Have You,zThe Ultimate Pop Rock Fake Book.pdf,144,1
If I had a Hammer,zThe Ultimate Pop Rock Fake Book.pdf,144,1
If You Wanna Be Happy,zThe Ultimate Pop Rock Fake Book.pdf,145,1
If You Love Somebody Set Them Freee,zThe Ultimate Pop Rock Fake Book.pdf,146,1
Itsy Bitsy Teenie Weenie Yellow Dot Bikini,zThe Ultimate Pop Rock Fake Book.pdf,147,1
Islands in the Stream,zThe Ultimate Pop Rock Fake Book.pdf,148,1
It's Now or Never,zThe Ultimate Pop Rock Fake Book.pdf,148,2
If I were a carpenter,zThe Ultimate Pop Rock Fake Book.pdf,150,1
Joy to the World,zThe Ultimate Pop Rock Fake Book.pdf,150,1
It's All in the Game,zThe Ultimate Pop Rock Fake Book.pdf,151,1
It's Just a Matter of Time,zThe Ultimate Pop Rock Fake Book.pdf,152,1
Jenny Take a Ride,zThe Ultimate Pop Rock Fake Book.pdf,152,1
Jive Talking,zThe Ultimate Pop Rock Fake Book.pdf,153,1
Johnny B Good,zThe Ultimate Pop Rock Fake Book.pdf,154,1
Kepp on Dancing,zThe Ultimate Pop Rock Fake Book.pdf,154,1
Kansas City,zThe Ultimate Pop Rock Fake Book.pdf,155,1
Kisses Sweeter than Wine,zThe Ultimate Pop Rock Fake Book.pdf,155,1
King of the Road,zThe Ultimate Pop Rock Fake Book.pdf,156,1
Knock Three Times,zThe Ultimate Pop Rock Fake Book.pdf,156,1
Lets Think about Living,zThe Ultimate Pop Rock Fake Book.pdf,157,1
King of Pain,zThe Ultimate Pop Rock Fake Book.pdf,158,2
Land of a Thousand Dances,zThe Ultimate Pop Rock Fake Book.pdf,160,1
Last Date,zThe Ultimate Pop Rock Fake Book.pdf,160,1
Lonely Boy,zThe Ultimate Pop Rock Fake Book.pdf,161,1
Last Kiss,zThe Ultimate Pop Rock Fake Book.pdf,162,1
Lil Red Riding Hood,zThe Ultimate Pop Rock Fake Book.pdf,163,1
Laughter in the Rain,zThe Ultimate Pop Rock Fake Book.pdf,164,1
Lay Down Candles in the Rain,zThe Ultimate Pop Rock Fake Book.pdf,164,1
Lay Down Sally,zThe Ultimate Pop Rock Fake Book.pdf,165,1
Layla,zThe Ultimate Pop Rock Fake Book.pdf,166,1
Let the Little Girl Dance,zThe Ultimate Pop Rock Fake Book.pdf,166,1
Let Me In,zThe Ultimate Pop Rock Fake Book.pdf,167,1
Let the Good Times Roll,zThe Ultimate Pop Rock Fake Book.pdf,168,1
Love is All Around,zThe Ultimate Pop Rock Fake Book.pdf,168,1
Lolipop,zThe Ultimate Pop Rock Fake Book.pdf,169,1
Lets Twist Again,zThe Ultimate Pop Rock Fake Book.pdf,170,1
Love Grows Where Rosemary Goes,zThe Ultimate Pop Rock Fake Book.pdf,170,1
Lion Sleeps Tonight,zThe Ultimate Pop Rock Fake Book.pdf,171,1
Little Bitty Pretty One,zThe Ultimate Pop Rock Fake Book.pdf,172,1
Lonesome Loser,zThe Ultimate Pop Rock Fake Book.pdf,172,1
Long Tall Sally,zThe Ultimate Pop Rock Fake Book.pdf,173,1
Little Children,zThe Ultimate Pop Rock Fake Book.pdf,174,1
Lola,zThe Ultimate Pop Rock Fake Book.pdf,174,2
Little Jeannie,zThe Ultimate Pop Rock Fake Book.pdf,176,1
Lovers Question,zThe Ultimate Pop Rock Fake Book.pdf,177,1
Long Cool Women in a black dress,zThe Ultimate Pop Rock Fake Book.pdf,178,1
Love Will Kepp Us Together,zThe Ultimate Pop Rock Fake Book.pdf,179,1
Love Can Make You Happy,zThe Ultimate Pop Rock Fake Book.pdf,180,1
Lovers Who Wander,zThe Ultimate Pop Rock Fake Book.pdf,180,1
Love Me Tender,zThe Ultimate Pop Rock Fake Book.pdf,181,1
Love So Right,zThe Ultimate Pop Rock Fake Book.pdf,182,1
Mandy,zThe Ultimate Pop Rock Fake Book.pdf,183,1
Maggie May,zThe Ultimate Pop Rock Fake Book.pdf,184,1
Memphis TN,zThe Ultimate Pop Rock Fake Book.pdf,184,1
Mamma Told Me Not To Come,zThe Ultimate Pop Rock Fake Book.pdf,185,1
Magic Carpet Ride,zThe Ultimate Pop Rock Fake Book.pdf,186,1
Miami Vice,zThe Ultimate Pop Rock Fake Book.pdf,186,1
Mister Lee,zThe Ultimate Pop Rock Fake Book.pdf,187,1
Maneater,zThe Ultimate Pop Rock Fake Book.pdf,188,1
My Love,zThe Ultimate Pop Rock Fake Book.pdf,189,1
Maniac,zThe Ultimate Pop Rock Fake Book.pdf,190,1
Night Chicago Died,zThe Ultimate Pop Rock Fake Book.pdf,191,1
Massachusetts,zThe Ultimate Pop Rock Fake Book.pdf,192,1
Method of Modern Love,zThe Ultimate Pop Rock Fake Book.pdf,192,1
Monday Monday,zThe Ultimate Pop Rock Fake Book.pdf,193,1
Missing You,zThe Ultimate Pop Rock Fake Book.pdf,194,2
Morning Train 9 to 5,zThe Ultimate Pop Rock Fake Book.pdf,196,1
Mountain of Love,zThe Ultimate Pop Rock Fake Book.pdf,197,1
Moments To Remember,zThe Ultimate Pop Rock Fake Book.pdf,198,1
My Prayer,zThe Ultimate Pop Rock Fake Book.pdf,198,1
New Moon on Monday,zThe Ultimate Pop Rock Fake Book.pdf,199,1
Money,zThe Ultimate Pop Rock Fake Book.pdf,200,1
Night Fever,zThe Ultimate Pop Rock Fake Book.pdf,201,1
Mrs Brown You ve Got a Lovely Daughter,zThe Ultimate Pop Rock Fake Book.pdf,202,1
Nightshift,zThe Ultimate Pop Rock Fake Book.pdf,202,1
Na Na Hey Hey Kiss Him Goodbye,zThe Ultimate Pop Rock Fake Book.pdf,203,1
Neutron Dance,zThe Ultimate Pop Rock Fake Book.pdf,204,2
New Orleans,zThe Ultimate Pop Rock Fake Book.pdf,206,1
Night,zThe Ultimate Pop Rock Fake Book.pdf,206,1
Nikita,zThe Ultimate Pop Rock Fake Book.pdf,207,1
No More Tears Enough is Enough,zThe Ultimate Pop Rock Fake Book.pdf,208,2
Nothin at All,zThe Ultimate Pop Rock Fake Book.pdf,210,2
Nights in White Satin,zThe Ultimate Pop Rock Fake Book.pdf,212,1
Only Love Can Break a Heart,zThe Ultimate Pop Rock Fake Book.pdf,212,1
Oh Julie,zThe Ultimate Pop Rock Fake Book.pdf,213,1
Oh Pretty Woman,zThe Ultimate Pop Rock Fake Book.pdf,213,1
Oh Sheila,zThe Ultimate Pop Rock Fake Book.pdf,214,1
One Two Three,zThe Ultimate Pop Rock Fake Book.pdf,215,1
Oh Lonesome Me,zThe Ultimate Pop Rock Fake Book.pdf,216,1
On a Carousel,zThe Ultimate Pop Rock Fake Book.pdf,216,1
Over and Over,zThe Ultimate Pop Rock Fake Book.pdf,217,1
One Night to Bangkok,zThe Ultimate Pop Rock Fake Book.pdf,218,2
Only the Lonely,zThe Ultimate Pop Rock Fake Book.pdf,220,1
Our Day Will Come,zThe Ultimate Pop Rock Fake Book.pdf,220,1
People Got to Be Free,zThe Ultimate Pop Rock Fake Book.pdf,221,1
Only You and You Alone,zThe Ultimate Pop Rock Fake Book.pdf,222,1
Over the Mountain Across The Sea,zThe Ultimate Pop Rock Fake Book.pdf,222,1
Put Your Head on My Shoulder,zThe Ultimate Pop Rock Fake Book.pdf,223,1
Philadelphia Freedom,zThe Ultimate Pop Rock Fake Book.pdf,224,1
Pictures of Matchstick Men,zThe Ultimate Pop Rock Fake Book.pdf,225,1
Pipeline,zThe Ultimate Pop Rock Fake Book.pdf,226,1
Pony Time,zThe Ultimate Pop Rock Fake Book.pdf,226,1
Please Please Me,zThe Ultimate Pop Rock Fake Book.pdf,227,1
Poetry in Motion,zThe Ultimate Pop Rock Fake Book.pdf,228,1
Poor Side of Town,zThe Ultimate Pop Rock Fake Book.pdf,228,1
Poison Ivy,zThe Ultimate Pop Rock Fake Book.pdf,229,1
Problems,zThe Ultimate Pop Rock Fake Book.pdf,230,1
Puppy Love,zThe Ultimate Pop Rock Fake Book.pdf,230,1
Raindrops,zThe Ultimate Pop Rock Fake Book.pdf,231,1
Private Eyes,zThe Ultimate Pop Rock Fake Book.pdf,232,1
Quarter to Three,zThe Ultimate Pop Rock Fake Book.pdf,233,1
Raunchy,zThe Ultimate Pop Rock Fake Book.pdf,234,1
Rebel Rouser,zThe Ultimate Pop Rock Fake Book.pdf,234,1
Return to Sender,zThe Ultimate Pop Rock Fake Book.pdf,235,1
Reflex,zThe Ultimate Pop Rock Fake Book.pdf,236,1
Rockin Robin,zThe Ultimate Pop Rock Fake Book.pdf,237,1
Rip it Up,zThe Ultimate Pop Rock Fake Book.pdf,238,1
Running Bear,zThe Ultimate Pop Rock Fake Book.pdf,238,1
Rocket Man,zThe Ultimate Pop Rock Fake Book.pdf,239,1
Rock Around the Clock,zThe Ultimate Pop Rock Fake Book.pdf,240,1
Rubber Ball,zThe Ultimate Pop Rock Fake Book.pdf,240,2
Rock Island Line,zThe Ultimate Pop Rock Fake Book.pdf,242,1
Ruby Baby,zThe Ultimate Pop Rock Fake Book.pdf,242,1
Ruby Don t Take Your Love to Town,zThe Ultimate Pop Rock Fake Book.pdf,243,1
Rock and Roll is Here to Stay,zThe Ultimate Pop Rock Fake Book.pdf,244,1
Runaway,zThe Ultimate Pop Rock Fake Book.pdf,245,1
Susie Q,zThe Ultimate Pop Rock Fake Book.pdf,245,1
Sad Songs Say So Much,zThe Ultimate Pop Rock Fake Book.pdf,246,1
She's Some Kind of Wonderful,zThe Ultimate Pop Rock Fake Book.pdf,247,1
San Francisco Be Sure to Wear Some Flowers,zThe Ultimate Pop Rock Fake Book.pdf,248,1
Sara,zThe Ultimate Pop Rock Fake Book.pdf,249,1
Say Say Say,zThe Ultimate Pop Rock Fake Book.pdf,250,1
Shambala,zThe Ultimate Pop Rock Fake Book.pdf,251,1
Save the Last Dance for Me,zThe Ultimate Pop Rock Fake Book.pdf,252,1
Schools Out,zThe Ultimate Pop Rock Fake Book.pdf,253,1
Sixteen Tons,zThe Ultimate Pop Rock Fake Book.pdf,253,1
Sea of Love,zThe Ultimate Pop Rock Fake Book.pdf,254,1
Searchin,zThe Ultimate Pop Rock Fake Book.pdf,254,1
She Loves You,zThe Ultimate Pop Rock Fake Book.pdf,255,1
Seasons in the Sun,zThe Ultimate Pop Rock Fake Book.pdf,256,1
See You Later Alligator,zThe Ultimate Pop Rock Fake Book.pdf,256,1
Since I Met My Baby,zThe Ultimate Pop Rock Fake Book.pdf,257,1
Secret Agent Man,zThe Ultimate Pop Rock Fake Book.pdf,258,1
She Bop,zThe Ultimate Pop Rock Fake Book.pdf,259,1
Shadow Dancing,zThe Ultimate Pop Rock Fake Book.pdf,260,1
She'd Rather Be With Me,zThe Ultimate Pop Rock Fake Book.pdf,260,1
Shame on the Moon,zThe Ultimate Pop Rock Fake Book.pdf,261,1
She's a Lady,zThe Ultimate Pop Rock Fake Book.pdf,262,1
Silhouettes,zThe Ultimate Pop Rock Fake Book.pdf,262,1
Skinny Legs and All,zThe Ultimate Pop Rock Fake Book.pdf,263,1
Sincrely,zThe Ultimate Pop Rock Fake Book.pdf,264,1
Sleepwalk (pop book),zThe Ultimate Pop Rock Fake Book.pdf,264,1
Singing the Blues,zThe Ultimate Pop Rock Fake Book.pdf,265,1
Stand by Me,zThe Ultimate Pop Rock Fake Book.pdf,265,1
Sister Christian,zThe Ultimate Pop Rock Fake Book.pdf,266,1
Sixteen Candles,zThe Ultimate Pop Rock Fake Book.pdf,266,1
Sloop John B,zThe Ultimate Pop Rock Fake Book.pdf,267,1
Sixteen Reasons,zThe Ultimate Pop Rock Fake Book.pdf,268,1
Smoke from a Distant Fire,zThe Ultimate Pop Rock Fake Book.pdf,268,2
Smile a Little Smile for Me,zThe Ultimate Pop Rock Fake Book.pdf,270,1
Stayin Alive,zThe Ultimate Pop Rock Fake Book.pdf,270,1
Summer in the City,zThe Ultimate Pop Rock Fake Book.pdf,271,1
So Sad To Watch Good Love Go Bad,zThe Ultimate Pop Rock Fake Book.pdf,272,1
Stray Cat Strut,zThe Ultimate Pop Rock Fake Book.pdf,272,1
Spanish Harlem,zThe Ultimate Pop Rock Fake Book.pdf,273,1
Son Sung Blue,zThe Ultimate Pop Rock Fake Book.pdf,274,1
Sweet Little Sixteen,zThe Ultimate Pop Rock Fake Book.pdf,274,1
The Stroll,zThe Ultimate Pop Rock Fake Book.pdf,275,1
South Street,zThe Ultimate Pop Rock Fake Book.pdf,276,1
Spirit in the Sky,zThe Ultimate Pop Rock Fake Book.pdf,276,1
Suspicion,zThe Ultimate Pop Rock Fake Book.pdf,277,1
Stuck in the Middle with You,zThe Ultimate Pop Rock Fake Book.pdf,278,1
Sweet Caroline,zThe Ultimate Pop Rock Fake Book.pdf,279,1
Superstar (Jesus Christ),zThe Ultimate Pop Rock Fake Book.pdf,280,1
Sunshine of Your Love,zThe Ultimate Pop Rock Fake Book.pdf,281,1
Stay,zThe Ultimate Pop Rock Fake Book.pdf,282,1
Sweet Home Alabama,zThe Ultimate Pop Rock Fake Book.pdf,282,1
Surfin USA,zThe Ultimate Pop Rock Fake Book.pdf,283,1
Sugar Shack,zThe Ultimate Pop Rock Fake Book.pdf,284,1
Summertime Blues,zThe Ultimate Pop Rock Fake Book.pdf,284,1
Tutti Frutti,zThe Ultimate Pop Rock Fake Book.pdf,285,1
Take a Chance on Me,zThe Ultimate Pop Rock Fake Book.pdf,286,1
Take a Letter Maria,zThe Ultimate Pop Rock Fake Book.pdf,286,1
Teenager in Love,zThe Ultimate Pop Rock Fake Book.pdf,287,1
Tears on My Pillo,zThe Ultimate Pop Rock Fake Book.pdf,288,1
Tell it like it Is,zThe Ultimate Pop Rock Fake Book.pdf,288,1
These Boots are Made for Walking,zThe Ultimate Pop Rock Fake Book.pdf,289,1
Teen Angel,zThe Ultimate Pop Rock Fake Book.pdf,290,1
Then You Can Tell Me Goodbye,zThe Ultimate Pop Rock Fake Book.pdf,290,1
Teddy Bear,zThe Ultimate Pop Rock Fake Book.pdf,291,1
The Twist,zThe Ultimate Pop Rock Fake Book.pdf,291,1
Tell Laura I Love Her,zThe Ultimate Pop Rock Fake Book.pdf,292,1
There Goes My Baby,zThe Ultimate Pop Rock Fake Book.pdf,292,1
Tom Dooley,zThe Ultimate Pop Rock Fake Book.pdf,293,1
Ther'll Be Sad Songs To Make You Cry,zThe Ultimate Pop Rock Fake Book.pdf,294,1
Theres a Moon out Tonight,zThe Ultimate Pop Rock Fake Book.pdf,295,1
These Dreams,zThe Ultimate Pop Rock Fake Book.pdf,296,1
Things,zThe Ultimate Pop Rock Fake Book.pdf,297,1
This Diamond Ring,zThe Ultimate Pop Rock Fake Book.pdf,298,1
Those Were The Days,zThe Ultimate Pop Rock Fake Book.pdf,298,1
Tossin and Turning,zThe Ultimate Pop Rock Fake Book.pdf,299,1
Time After Time,zThe Ultimate Pop Rock Fake Book.pdf,300,1
Tired of Toein The Line,zThe Ultimate Pop Rock Fake Book.pdf,301,1
To Know Him is to Love Him,zThe Ultimate Pop Rock Fake Book.pdf,302,1
Tabacco Road,zThe Ultimate Pop Rock Fake Book.pdf,302,1
Turn Me Loose,zThe Ultimate Pop Rock Fake Book.pdf,303,1
Tota; Eclipse of the Heart,zThe Ultimate Pop Rock Fake Book.pdf,304,2
Tragedy,zThe Ultimate Pop Rock Fake Book.pdf,306,1
Two Faces Have I,zThe Ultimate Pop Rock Fake Book.pdf,306,2
Turn Turn Turn,zThe Ultimate Pop Rock Fake Book.pdf,308,1
Under the Boardwalk,zThe Ultimate Pop Rock Fake Book.pdf,308,1
Up Up and Away,zThe Ultimate Pop Rock Fake Book.pdf,309,1
Union of the Snake,zThe Ultimate Pop Rock Fake Book.pdf,310,1
Wake Me Up Before you Go Go,zThe Ultimate Pop Rock Fake Book.pdf,310,1
Wayward Wind,zThe Ultimate Pop Rock Fake Book.pdf,311,1
Valotte,zThe Ultimate Pop Rock Fake Book.pdf,312,1
Whats Love Got to Do with It,zThe Ultimate Pop Rock Fake Book.pdf,313,1
Wah Watusi,zThe Ultimate Pop Rock Fake Book.pdf,314,1
Which Way You Going Billy?,zThe Ultimate Pop Rock Fake Book.pdf,314,1
Wake Up Little Susie,zThe Ultimate Pop Rock Fake Book.pdf,315,1
Walk Away Renee,zThe Ultimate Pop Rock Fake Book.pdf,316,1
Wooly Bully,zThe Ultimate Pop Rock Fake Book.pdf,316,1
What You Need,zThe Ultimate Pop Rock Fake Book.pdf,317,1
We Built This City,zThe Ultimate Pop Rock Fake Book.pdf,318,1
Wild Boiys,zThe Ultimate Pop Rock Fake Book.pdf,319,1
Way Down Yonder in New Oreleans,zThe Ultimate Pop Rock Fake Book.pdf,320,1
What I'd Say,zThe Ultimate Pop Rock Fake Book.pdf,320,1
Women In Love,zThe Ultimate Pop Rock Fake Book.pdf,321,1
Waterloo,zThe Ultimate Pop Rock Fake Book.pdf,322,1
You Can't Sit Down,zThe Ultimate Pop Rock Fake Book.pdf,322,1
You Don't Bring Me Flowers,zThe Ultimate Pop Rock Fake Book.pdf,323,1
Who's Johnny,zThe Ultimate Pop Rock Fake Book.pdf,324,1
Wondferful Wonderful,zThe Ultimate Pop Rock Fake Book.pdf,325,1
Whole Lotta Shakin Going On,zThe Ultimate Pop Rock Fake Book.pdf,326,1
Yakety Yak,zThe Ultimate Pop Rock Fake Book.pdf,326,1
Yesterday,zThe Ultimate Pop Rock Fake Book.pdf,327,1
You're the One That I Want,zThe Ultimate Pop Rock Fake Book.pdf,327,1
Yes I'm Ready,zThe Ultimate Pop Rock Fake Book.pdf,328,1
You Baby,zThe Ultimate Pop Rock Fake Book.pdf,328,1
You Don't Own Me,zThe Ultimate Pop Rock Fake Book.pdf,329,1
White Room,zThe Ultimate Pop Rock Fake Book.pdf,330,1
Whiter Shade of Pale,zThe Ultimate Pop Rock Fake Book.pdf,330,1
Young Blood,zThe Ultimate Pop Rock Fake Book.pdf,331,1
You Give Good Love,zThe Ultimate Pop Rock Fake Book.pdf,332,1
You Should be Dancing,zThe Ultimate Pop Rock Fake Book.pdf,332,1
You're the Devil in Disguise,zThe Ultimate Pop Rock Fake Book.pdf,333,1
Your Song,zThe Ultimate Pop Rock Fake Book.pdf,334,1