American Woman,zThe-Best-Classic-Rock-Songs-Ever.pdf,6,8
Another One Bites The Dust,zThe-Best-Classic-Rock-Songs-Ever.pdf,14,5
Bad Case Of Loving You,zThe-Best-Classic-Rock-Songs-Ever.pdf,19,6
Badge,zThe-Best-Classic-Rock-Songs-Ever.pdf,29,6
Bang A Gong (Get It On),zThe-Best-Classic-Rock-Songs-Ever.pdf,25,4
Barracuda,zThe-Best-Classic-Rock-Songs-Ever.pdf,35,14
Brass In Pocket,zThe-Best-Classic-Rock-Songs-Ever.pdf,55,5
Carry On Wayward Son,zThe-Best-Classic-Rock-Songs-Ever.pdf,60,6
Changes,zThe-Best-Classic-Rock-Songs-Ever.pdf,72,7
Cold As Ice,zThe-Best-Classic-Rock-Songs-Ever.pdf,66,6
Com E Sail Away,zThe-Best-Classic-Rock-Songs-Ever.pdf,79,7
Day Tripper,zThe-Best-Classic-Rock-Songs-Ever.pdf,86,5
Don't Do Me Like That,zThe-Best-Classic-Rock-Songs-Ever.pdf,91,6
Don't Fear The Reaper,zThe-Best-Classic-Rock-Songs-Ever.pdf,97,8
Dreamer,zThe-Best-Classic-Rock-Songs-Ever.pdf,105,12
Easy Lover,zThe-Best-Classic-Rock-Songs-Ever.pdf,121,7
Free Ride,zThe-Best-Classic-Rock-Songs-Ever.pdf,117,4
Heartache Tonight,zThe-Best-Classic-Rock-Songs-Ever.pdf,128,9
Heat Of The Moment,zThe-Best-Classic-Rock-Songs-Ever.pdf,137,7
Help Me Rhonda,zThe-Best-Classic-Rock-Songs-Ever.pdf,144,4
Hey Joe,zThe-Best-Classic-Rock-Songs-Ever.pdf,154,9
I Can See For Miles,zThe-Best-Classic-Rock-Songs-Ever.pdf,163,5
I Just Want To Make Love To You,zThe-Best-Classic-Rock-Songs-Ever.pdf,168,3
I Want You To Want Me,zThe-Best-Classic-Rock-Songs-Ever.pdf,171,9
If You Leave Me Now,zThe-Best-Classic-Rock-Songs-Ever.pdf,148,6
It's Still Rock And Roll To Me,zThe-Best-Classic-Rock-Songs-Ever.pdf,180,9
Jack And Diane,zThe-Best-Classic-Rock-Songs-Ever.pdf,189,10
Long Cool Woman (In A Black Dress) ,zThe-Best-Classic-Rock-Songs-Ever.pdf,199,6
Love Stinks,zThe-Best-Classic-Rock-Songs-Ever.pdf,210,5
Maybe I'm Amazed,zThe-Best-Classic-Rock-Songs-Ever.pdf,215,4
Message In A Bottle,zThe-Best-Classic-Rock-Songs-Ever.pdf,223,5
Nights In White Satin,zThe-Best-Classic-Rock-Songs-Ever.pdf,219,4
Once Bitten Twice Shy,zThe-Best-Classic-Rock-Songs-Ever.pdf,228,7
Peace Of Mind,zThe-Best-Classic-Rock-Songs-Ever.pdf,235,8
Pink Houses,zThe-Best-Classic-Rock-Songs-Ever.pdf,249,5
Proud Mary,zThe-Best-Classic-Rock-Songs-Ever.pdf,243,6
Radar Love,zThe-Best-Classic-Rock-Songs-Ever.pdf,254,9
Reeling In The Years,zThe-Best-Classic-Rock-Songs-Ever.pdf,263,4
Refugee,zThe-Best-Classic-Rock-Songs-Ever.pdf,275,5
Renegade ,zThe-Best-Classic-Rock-Songs-Ever.pdf,267,8
Rhiannon,zThe-Best-Classic-Rock-Songs-Ever.pdf,280,4
Ridin' The Storm Out,zThe-Best-Classic-Rock-Songs-Ever.pdf,284,4
Rock And Roll Never Forgets,zThe-Best-Classic-Rock-Songs-Ever.pdf,288,7
Rock On,zThe-Best-Classic-Rock-Songs-Ever.pdf,295,4
Run To You,zThe-Best-Classic-Rock-Songs-Ever.pdf,299,6
School's Out,zThe-Best-Classic-Rock-Songs-Ever.pdf,305,9
Show Me The Way,zThe-Best-Classic-Rock-Songs-Ever.pdf,314,8
Smoke On The Water,zThe-Best-Classic-Rock-Songs-Ever.pdf,330,5
So Tired Of Waiting For You,zThe-Best-Classic-Rock-Songs-Ever.pdf,358,4
Somebody To Love,zThe-Best-Classic-Rock-Songs-Ever.pdf,322,8
Susie-Q,zThe-Best-Classic-Rock-Songs-Ever.pdf,335,6
Sweet Emotion,zThe-Best-Classic-Rock-Songs-Ever.pdf,348,5
Sweet Home Alabama,zThe-Best-Classic-Rock-Songs-Ever.pdf,341,7
Takin' It To The Streets,zThe-Best-Classic-Rock-Songs-Ever.pdf,353,5
The Bitch Is Back,zThe-Best-Classic-Rock-Songs-Ever.pdf,49,6
The Loco-Motion,zThe-Best-Classic-Rock-Songs-Ever.pdf,205,5
Tumbling Dice,zThe-Best-Classic-Rock-Songs-Ever.pdf,366,7
Walk On The Wild Side,zThe-Best-Classic-Rock-Songs-Ever.pdf,373,5
Wheel In The Sky,zThe-Best-Classic-Rock-Songs-Ever.pdf,378,7
Whiter Shade Of Pale,zThe-Best-Classic-Rock-Songs-Ever.pdf,385,5
With A Little Help From My Friends,zThe-Best-Classic-Rock-Songs-Ever.pdf,390,5
Wonderful Tonight,zThe-Best-Classic-Rock-Songs-Ever.pdf,362,4
You Ain't Seen Nothin' Yet ,zThe-Best-Classic-Rock-Songs-Ever.pdf,400,6
You're My Best Friend,zThe-Best-Classic-Rock-Songs-Ever.pdf,395,5